{
    "r2": -0.08993576054096453,
    "mae": 0.8187266392772015,
    "mse": 1.0899357605409645
}