{
    "r2": -0.17053002261117456,
    "mae": 0.8408716795298377,
    "mse": 1.1705300226111746
}