{
    "r2": -0.09000586701799884,
    "mae": 0.8188200605015811,
    "mse": 1.0900058670179988
}