{
    "step": 4,
    "accuracy": 0.44445763152344053,
    "loss": 0.2864921938252081
}
