step	accuracy
1	0.6299622581044467
2	0.030862749580844673
3	0.460925006552933
4	0.44445763152344053
5	0.6631906226102637
