step	loss
1	0.42071762397169554
2	0.2030403624366739
3	0.2642018862372214
4	0.2864921938252081
5	0.21441640428947562
